"startTime";"endTime";"wind";"solar"
"2023-03-31T22:00:00.000Z";"2023-03-31T23:00:00.000Z";2188.8;0
"2023-03-31T23:00:00.000Z";"2023-04-01T00:00:00.000Z";2415;0
"2023-04-01T00:00:00.000Z";"2023-04-01T01:00:00.000Z";2465.9;0
"2023-04-01T01:00:00.000Z";"2023-04-01T02:00:00.000Z";2620.59999;0
"2023-04-01T02:00:00.000Z";"2023-04-01T03:00:00.000Z";3029.69999;0
"2023-04-01T03:00:00.000Z";"2023-04-01T04:00:00.000Z";3006.59999;0
"2023-04-01T04:00:00.000Z";"2023-04-01T05:00:00.000Z";2822.69999;27.6
"2023-04-01T05:00:00.000Z";"2023-04-01T06:00:00.000Z";2807.4;117.7
"2023-04-01T06:00:00.000Z";"2023-04-01T07:00:00.000Z";2086.3;204.8
"2023-04-01T07:00:00.000Z";"2023-04-01T08:00:00.000Z";1519.8;284.69999
"2023-04-01T08:00:00.000Z";"2023-04-01T09:00:00.000Z";1145.09999;350.5
"2023-04-01T09:00:00.000Z";"2023-04-01T10:00:00.000Z";872.2;386.8
"2023-04-01T10:00:00.000Z";"2023-04-01T11:00:00.000Z";889.79999;393.3
"2023-04-01T11:00:00.000Z";"2023-04-01T12:00:00.000Z";944.39999;373
"2023-04-01T12:00:00.000Z";"2023-04-01T13:00:00.000Z";1126.2;335.8
"2023-04-01T13:00:00.000Z";"2023-04-01T14:00:00.000Z";1303.2;265.39999
"2023-04-01T14:00:00.000Z";"2023-04-01T15:00:00.000Z";1394.7;189.19999
"2023-04-01T15:00:00.000Z";"2023-04-01T16:00:00.000Z";1517.3;120.2
"2023-04-01T16:00:00.000Z";"2023-04-01T17:00:00.000Z";1729.59999;15.5
"2023-04-01T17:00:00.000Z";"2023-04-01T18:00:00.000Z";1831.5;0
"2023-04-01T18:00:00.000Z";"2023-04-01T19:00:00.000Z";1857.4;0
"2023-04-01T19:00:00.000Z";"2023-04-01T20:00:00.000Z";2080.69999;0
"2023-04-01T20:00:00.000Z";"2023-04-01T21:00:00.000Z";2440.09999;0
"2023-04-01T21:00:00.000Z";"2023-04-01T22:00:00.000Z";2597.4;0
"2023-04-01T22:00:00.000Z";"2023-04-01T23:00:00.000Z";2848.8;0
"2023-04-01T23:00:00.000Z";"2023-04-02T00:00:00.000Z";3017.9;0
"2023-04-02T00:00:00.000Z";"2023-04-02T01:00:00.000Z";3130.19999;0
"2023-04-02T01:00:00.000Z";"2023-04-02T02:00:00.000Z";3363.8;0
"2023-04-02T02:00:00.000Z";"2023-04-02T03:00:00.000Z";3470.59999;0
"2023-04-02T03:00:00.000Z";"2023-04-02T04:00:00.000Z";3465.8;0
"2023-04-02T04:00:00.000Z";"2023-04-02T05:00:00.000Z";3243.4;31.69999
"2023-04-02T05:00:00.000Z";"2023-04-02T06:00:00.000Z";2935.69999;122
"2023-04-02T06:00:00.000Z";"2023-04-02T07:00:00.000Z";2297.8;209.5
"2023-04-02T07:00:00.000Z";"2023-04-02T08:00:00.000Z";1849.59999;287.69999
"2023-04-02T08:00:00.000Z";"2023-04-02T09:00:00.000Z";1517;353.5
"2023-04-02T09:00:00.000Z";"2023-04-02T10:00:00.000Z";1338.8;390.5
"2023-04-02T10:00:00.000Z";"2023-04-02T11:00:00.000Z";1489.09999;394.8
"2023-04-02T11:00:00.000Z";"2023-04-02T12:00:00.000Z";1612.9;373.89999
"2023-04-02T12:00:00.000Z";"2023-04-02T13:00:00.000Z";1766;324.19999
"2023-04-02T13:00:00.000Z";"2023-04-02T14:00:00.000Z";1747.2;250.9
"2023-04-02T14:00:00.000Z";"2023-04-02T15:00:00.000Z";1768.4;169.59999
"2023-04-02T15:00:00.000Z";"2023-04-02T16:00:00.000Z";1838.2;103.09999
"2023-04-02T16:00:00.000Z";"2023-04-02T17:00:00.000Z";2076.9;17
"2023-04-02T17:00:00.000Z";"2023-04-02T18:00:00.000Z";2279;0
"2023-04-02T18:00:00.000Z";"2023-04-02T19:00:00.000Z";2123;0
"2023-04-02T19:00:00.000Z";"2023-04-02T20:00:00.000Z";1775.7;0
"2023-04-02T20:00:00.000Z";"2023-04-02T21:00:00.000Z";1514.59999;0
"2023-04-02T21:00:00.000Z";"2023-04-02T22:00:00.000Z";1480.9;0
"2023-04-02T22:00:00.000Z";"2023-04-02T23:00:00.000Z";1407.2;0
"2023-04-02T23:00:00.000Z";"2023-04-03T00:00:00.000Z";1400.4;0
"2023-04-03T00:00:00.000Z";"2023-04-03T01:00:00.000Z";1265.8;0
"2023-04-03T01:00:00.000Z";"2023-04-03T02:00:00.000Z";1127.9;0
"2023-04-03T02:00:00.000Z";"2023-04-03T03:00:00.000Z";956.1;0
"2023-04-03T03:00:00.000Z";"2023-04-03T04:00:00.000Z";791.89999;0
"2023-04-03T04:00:00.000Z";"2023-04-03T05:00:00.000Z";635.39999;38.2
"2023-04-03T05:00:00.000Z";"2023-04-03T06:00:00.000Z";515.7;127
"2023-04-03T06:00:00.000Z";"2023-04-03T07:00:00.000Z";348.69999;211.9
"2023-04-03T07:00:00.000Z";"2023-04-03T08:00:00.000Z";216.19999;294.69999
"2023-04-03T08:00:00.000Z";"2023-04-03T09:00:00.000Z";177.69999;360.1
"2023-04-03T09:00:00.000Z";"2023-04-03T10:00:00.000Z";182.09999;400.8
"2023-04-03T10:00:00.000Z";"2023-04-03T11:00:00.000Z";188.69999;412.89999
"2023-04-03T11:00:00.000Z";"2023-04-03T12:00:00.000Z";238.69999;397.5
"2023-04-03T12:00:00.000Z";"2023-04-03T13:00:00.000Z";304;351.19999
"2023-04-03T13:00:00.000Z";"2023-04-03T14:00:00.000Z";329;281.89999
"2023-04-03T14:00:00.000Z";"2023-04-03T15:00:00.000Z";372.89999;199.3
"2023-04-03T15:00:00.000Z";"2023-04-03T16:00:00.000Z";449.1;110.5
"2023-04-03T16:00:00.000Z";"2023-04-03T17:00:00.000Z";525.89999;23.5
"2023-04-03T17:00:00.000Z";"2023-04-03T18:00:00.000Z";538.6;0
"2023-04-03T18:00:00.000Z";"2023-04-03T19:00:00.000Z";512.89999;0
"2023-04-03T19:00:00.000Z";"2023-04-03T20:00:00.000Z";500.1;0
"2023-04-03T20:00:00.000Z";"2023-04-03T21:00:00.000Z";537.79999;0
"2023-04-03T21:00:00.000Z";"2023-04-03T22:00:00.000Z";517.1;0
"2023-04-03T22:00:00.000Z";"2023-04-03T23:00:00.000Z";518.39999;0
"2023-04-03T23:00:00.000Z";"2023-04-04T00:00:00.000Z";483;0
"2023-04-04T00:00:00.000Z";"2023-04-04T01:00:00.000Z";505.89999;0
"2023-04-04T01:00:00.000Z";"2023-04-04T02:00:00.000Z";502.6;0
"2023-04-04T02:00:00.000Z";"2023-04-04T03:00:00.000Z";504.5;0
"2023-04-04T03:00:00.000Z";"2023-04-04T04:00:00.000Z";503.8;0
"2023-04-04T04:00:00.000Z";"2023-04-04T05:00:00.000Z";498.5;40.89999
"2023-04-04T05:00:00.000Z";"2023-04-04T06:00:00.000Z";483.5;128.19999
"2023-04-04T06:00:00.000Z";"2023-04-04T07:00:00.000Z";378.19999;214.8
"2023-04-04T07:00:00.000Z";"2023-04-04T08:00:00.000Z";231.8;282.89999
"2023-04-04T08:00:00.000Z";"2023-04-04T09:00:00.000Z";180;348.89999
"2023-04-04T09:00:00.000Z";"2023-04-04T10:00:00.000Z";163.09999;391.39999
"2023-04-04T10:00:00.000Z";"2023-04-04T11:00:00.000Z";144.3;403.69999
"2023-04-04T11:00:00.000Z";"2023-04-04T12:00:00.000Z";133.69999;378.89999
"2023-04-04T12:00:00.000Z";"2023-04-04T13:00:00.000Z";142;343.8
"2023-04-04T13:00:00.000Z";"2023-04-04T14:00:00.000Z";168.4;270.89999
"2023-04-04T14:00:00.000Z";"2023-04-04T15:00:00.000Z";196.9;183.09999
"2023-04-04T15:00:00.000Z";"2023-04-04T16:00:00.000Z";241;102.7
"2023-04-04T16:00:00.000Z";"2023-04-04T17:00:00.000Z";293.19999;20.8
"2023-04-04T17:00:00.000Z";"2023-04-04T18:00:00.000Z";386.1;0
"2023-04-04T18:00:00.000Z";"2023-04-04T19:00:00.000Z";396.6;0
"2023-04-04T19:00:00.000Z";"2023-04-04T20:00:00.000Z";361.1;0
"2023-04-04T20:00:00.000Z";"2023-04-04T21:00:00.000Z";354.3;0
"2023-04-04T21:00:00.000Z";"2023-04-04T22:00:00.000Z";367.6;0
"2023-04-04T22:00:00.000Z";"2023-04-04T23:00:00.000Z";374.6;0
"2023-04-04T23:00:00.000Z";"2023-04-05T00:00:00.000Z";433;0
"2023-04-05T00:00:00.000Z";"2023-04-05T01:00:00.000Z";495.6;0
"2023-04-05T01:00:00.000Z";"2023-04-05T02:00:00.000Z";511.69999;0
"2023-04-05T02:00:00.000Z";"2023-04-05T03:00:00.000Z";472.69999;0
"2023-04-05T03:00:00.000Z";"2023-04-05T04:00:00.000Z";487.1;0
"2023-04-05T04:00:00.000Z";"2023-04-05T05:00:00.000Z";504.39999;34.29999
"2023-04-05T05:00:00.000Z";"2023-04-05T06:00:00.000Z";524.79999;108.09999
"2023-04-05T06:00:00.000Z";"2023-04-05T07:00:00.000Z";564.79999;172.3
"2023-04-05T07:00:00.000Z";"2023-04-05T08:00:00.000Z";374.69999;220.8
"2023-04-05T08:00:00.000Z";"2023-04-05T09:00:00.000Z";275.5;272.5
"2023-04-05T09:00:00.000Z";"2023-04-05T10:00:00.000Z";236.69999;305.1
"2023-04-05T10:00:00.000Z";"2023-04-05T11:00:00.000Z";235.9;315.3
"2023-04-05T11:00:00.000Z";"2023-04-05T12:00:00.000Z";304.69999;302.19999
"2023-04-05T12:00:00.000Z";"2023-04-05T13:00:00.000Z";336.8;244.69999
"2023-04-05T13:00:00.000Z";"2023-04-05T14:00:00.000Z";370.19999;214.69999
"2023-04-05T14:00:00.000Z";"2023-04-05T15:00:00.000Z";443.5;157.3
"2023-04-05T15:00:00.000Z";"2023-04-05T16:00:00.000Z";602.89999;82.2
"2023-04-05T16:00:00.000Z";"2023-04-05T17:00:00.000Z";877;16.5
"2023-04-05T17:00:00.000Z";"2023-04-05T18:00:00.000Z";1338.4;0
"2023-04-05T18:00:00.000Z";"2023-04-05T19:00:00.000Z";1704.2;0
"2023-04-05T19:00:00.000Z";"2023-04-05T20:00:00.000Z";1840.59999;0
"2023-04-05T20:00:00.000Z";"2023-04-05T21:00:00.000Z";1822.59999;0
"2023-04-05T21:00:00.000Z";"2023-04-05T22:00:00.000Z";1846.09999;0
"2023-04-05T22:00:00.000Z";"2023-04-05T23:00:00.000Z";1916.7;0
"2023-04-05T23:00:00.000Z";"2023-04-06T00:00:00.000Z";1869.9;0
"2023-04-06T00:00:00.000Z";"2023-04-06T01:00:00.000Z";1645.4;0
"2023-04-06T01:00:00.000Z";"2023-04-06T02:00:00.000Z";1433.8;0
"2023-04-06T02:00:00.000Z";"2023-04-06T03:00:00.000Z";1358;0
"2023-04-06T03:00:00.000Z";"2023-04-06T04:00:00.000Z";1315;0
"2023-04-06T04:00:00.000Z";"2023-04-06T05:00:00.000Z";1258.09999;37.29999
"2023-04-06T05:00:00.000Z";"2023-04-06T06:00:00.000Z";1469;107.3
"2023-04-06T06:00:00.000Z";"2023-04-06T07:00:00.000Z";1177.5;186.3
"2023-04-06T07:00:00.000Z";"2023-04-06T08:00:00.000Z";508.5;244.5
"2023-04-06T08:00:00.000Z";"2023-04-06T09:00:00.000Z";327.19999;313.8
"2023-04-06T09:00:00.000Z";"2023-04-06T10:00:00.000Z";325;347.5
"2023-04-06T10:00:00.000Z";"2023-04-06T11:00:00.000Z";293.1;369.8
"2023-04-06T11:00:00.000Z";"2023-04-06T12:00:00.000Z";401.5;317.1
"2023-04-06T12:00:00.000Z";"2023-04-06T13:00:00.000Z";543.79999;279.69999
"2023-04-06T13:00:00.000Z";"2023-04-06T14:00:00.000Z";584.89999;240.69999
"2023-04-06T14:00:00.000Z";"2023-04-06T15:00:00.000Z";649.89999;172.5
"2023-04-06T15:00:00.000Z";"2023-04-06T16:00:00.000Z";914.79999;104
"2023-04-06T16:00:00.000Z";"2023-04-06T17:00:00.000Z";1502.5;26.6
"2023-04-06T17:00:00.000Z";"2023-04-06T18:00:00.000Z";2266.5;0
"2023-04-06T18:00:00.000Z";"2023-04-06T19:00:00.000Z";2696.19999;0
"2023-04-06T19:00:00.000Z";"2023-04-06T20:00:00.000Z";2916.5;0
"2023-04-06T20:00:00.000Z";"2023-04-06T21:00:00.000Z";3121.69999;0
"2023-04-06T21:00:00.000Z";"2023-04-06T22:00:00.000Z";3348.4;0
"2023-04-06T22:00:00.000Z";"2023-04-06T23:00:00.000Z";3501.59999;0
"2023-04-06T23:00:00.000Z";"2023-04-07T00:00:00.000Z";3357.5;0
"2023-04-07T00:00:00.000Z";"2023-04-07T01:00:00.000Z";3185.5;0
"2023-04-07T01:00:00.000Z";"2023-04-07T02:00:00.000Z";2962.19999;0
"2023-04-07T02:00:00.000Z";"2023-04-07T03:00:00.000Z";2780.59999;0
"2023-04-07T03:00:00.000Z";"2023-04-07T04:00:00.000Z";2650.9;0
"2023-04-07T04:00:00.000Z";"2023-04-07T05:00:00.000Z";2513.5;47.6
"2023-04-07T05:00:00.000Z";"2023-04-07T06:00:00.000Z";2339.9;127.4
"2023-04-07T06:00:00.000Z";"2023-04-07T07:00:00.000Z";1627.3;204.09999
"2023-04-07T07:00:00.000Z";"2023-04-07T08:00:00.000Z";1159.9;277.89999
"2023-04-07T08:00:00.000Z";"2023-04-07T09:00:00.000Z";767.79999;339.39999
"2023-04-07T09:00:00.000Z";"2023-04-07T10:00:00.000Z";546.1;381.1
"2023-04-07T10:00:00.000Z";"2023-04-07T11:00:00.000Z";667.89999;389.3
"2023-04-07T11:00:00.000Z";"2023-04-07T12:00:00.000Z";766.7;363.69999
"2023-04-07T12:00:00.000Z";"2023-04-07T13:00:00.000Z";985.6;327.5
"2023-04-07T13:00:00.000Z";"2023-04-07T14:00:00.000Z";1100.59999;262.8
"2023-04-07T14:00:00.000Z";"2023-04-07T15:00:00.000Z";1254.7;188
"2023-04-07T15:00:00.000Z";"2023-04-07T16:00:00.000Z";1497.8;107.3
"2023-04-07T16:00:00.000Z";"2023-04-07T17:00:00.000Z";1526.9;29.39999
"2023-04-07T17:00:00.000Z";"2023-04-07T18:00:00.000Z";1608;0
"2023-04-07T18:00:00.000Z";"2023-04-07T19:00:00.000Z";1667.09999;0
"2023-04-07T19:00:00.000Z";"2023-04-07T20:00:00.000Z";1577.4;0
"2023-04-07T20:00:00.000Z";"2023-04-07T21:00:00.000Z";1356.9;0
"2023-04-07T21:00:00.000Z";"2023-04-07T22:00:00.000Z";1108.5;0
"2023-04-07T22:00:00.000Z";"2023-04-07T23:00:00.000Z";946;0
"2023-04-07T23:00:00.000Z";"2023-04-08T00:00:00.000Z";1011.8;0
"2023-04-08T00:00:00.000Z";"2023-04-08T01:00:00.000Z";871.79999;0
"2023-04-08T01:00:00.000Z";"2023-04-08T02:00:00.000Z";729.1;0
"2023-04-08T02:00:00.000Z";"2023-04-08T03:00:00.000Z";778.29999;0
"2023-04-08T03:00:00.000Z";"2023-04-08T04:00:00.000Z";795.5;0
"2023-04-08T04:00:00.000Z";"2023-04-08T05:00:00.000Z";808.29999;54.29999
"2023-04-08T05:00:00.000Z";"2023-04-08T06:00:00.000Z";920.39999;139.59999
"2023-04-08T06:00:00.000Z";"2023-04-08T07:00:00.000Z";592.1;220.59999
"2023-04-08T07:00:00.000Z";"2023-04-08T08:00:00.000Z";299.89999;302.69999
"2023-04-08T08:00:00.000Z";"2023-04-08T09:00:00.000Z";280.5;364.1
"2023-04-08T09:00:00.000Z";"2023-04-08T10:00:00.000Z";276.8;389.39999
"2023-04-08T10:00:00.000Z";"2023-04-08T11:00:00.000Z";242.09999;386.3
"2023-04-08T11:00:00.000Z";"2023-04-08T12:00:00.000Z";248.9;359.3
"2023-04-08T12:00:00.000Z";"2023-04-08T13:00:00.000Z";254.59999;325.69999
"2023-04-08T13:00:00.000Z";"2023-04-08T14:00:00.000Z";252.4;241.09999
"2023-04-08T14:00:00.000Z";"2023-04-08T15:00:00.000Z";249.59999;169.9
"2023-04-08T15:00:00.000Z";"2023-04-08T16:00:00.000Z";280.19999;95.9
"2023-04-08T16:00:00.000Z";"2023-04-08T17:00:00.000Z";355.1;29.8
"2023-04-08T17:00:00.000Z";"2023-04-08T18:00:00.000Z";399.6;0
"2023-04-08T18:00:00.000Z";"2023-04-08T19:00:00.000Z";408.6;0
"2023-04-08T19:00:00.000Z";"2023-04-08T20:00:00.000Z";339.8;0
"2023-04-08T20:00:00.000Z";"2023-04-08T21:00:00.000Z";377.8;0
"2023-04-08T21:00:00.000Z";"2023-04-08T22:00:00.000Z";360.39999;0
"2023-04-08T22:00:00.000Z";"2023-04-08T23:00:00.000Z";444.19999;0
"2023-04-08T23:00:00.000Z";"2023-04-09T00:00:00.000Z";532.89999;0
"2023-04-09T00:00:00.000Z";"2023-04-09T01:00:00.000Z";591.6;0
"2023-04-09T01:00:00.000Z";"2023-04-09T02:00:00.000Z";665.29999;0
"2023-04-09T02:00:00.000Z";"2023-04-09T03:00:00.000Z";699.29999;0
"2023-04-09T03:00:00.000Z";"2023-04-09T04:00:00.000Z";771.39999;0.1
"2023-04-09T04:00:00.000Z";"2023-04-09T05:00:00.000Z";776.1;58.7
"2023-04-09T05:00:00.000Z";"2023-04-09T06:00:00.000Z";920.39999;145.69999
"2023-04-09T06:00:00.000Z";"2023-04-09T07:00:00.000Z";684.6;224.69999
"2023-04-09T07:00:00.000Z";"2023-04-09T08:00:00.000Z";477;302.39999
"2023-04-09T08:00:00.000Z";"2023-04-09T09:00:00.000Z";317.3;369.19999
"2023-04-09T09:00:00.000Z";"2023-04-09T10:00:00.000Z";205.09999;395.8
"2023-04-09T10:00:00.000Z";"2023-04-09T11:00:00.000Z";159.8;392.1
"2023-04-09T11:00:00.000Z";"2023-04-09T12:00:00.000Z";217.9;338.3
"2023-04-09T12:00:00.000Z";"2023-04-09T13:00:00.000Z";298.39999;295.8
"2023-04-09T13:00:00.000Z";"2023-04-09T14:00:00.000Z";333.1;234.4
"2023-04-09T14:00:00.000Z";"2023-04-09T15:00:00.000Z";392.5;165.9
"2023-04-09T15:00:00.000Z";"2023-04-09T16:00:00.000Z";539.89999;97.9
"2023-04-09T16:00:00.000Z";"2023-04-09T17:00:00.000Z";863;29.89999
"2023-04-09T17:00:00.000Z";"2023-04-09T18:00:00.000Z";1218.8;0
"2023-04-09T18:00:00.000Z";"2023-04-09T19:00:00.000Z";1408.9;0
"2023-04-09T19:00:00.000Z";"2023-04-09T20:00:00.000Z";1390.8;0
"2023-04-09T20:00:00.000Z";"2023-04-09T21:00:00.000Z";1475.9;0
"2023-04-09T21:00:00.000Z";"2023-04-09T22:00:00.000Z";1610.3;0
"2023-04-09T22:00:00.000Z";"2023-04-09T23:00:00.000Z";1762.9;0
"2023-04-09T23:00:00.000Z";"2023-04-10T00:00:00.000Z";1812.8;0
"2023-04-10T00:00:00.000Z";"2023-04-10T01:00:00.000Z";1674.7;0
"2023-04-10T01:00:00.000Z";"2023-04-10T02:00:00.000Z";1503.8;0
"2023-04-10T02:00:00.000Z";"2023-04-10T03:00:00.000Z";1297.8;0
"2023-04-10T03:00:00.000Z";"2023-04-10T04:00:00.000Z";1162.5;1.2
"2023-04-10T04:00:00.000Z";"2023-04-10T05:00:00.000Z";1030.09999;62.6
"2023-04-10T05:00:00.000Z";"2023-04-10T06:00:00.000Z";1113.09999;149
"2023-04-10T06:00:00.000Z";"2023-04-10T07:00:00.000Z";587.2;231.59999
"2023-04-10T07:00:00.000Z";"2023-04-10T08:00:00.000Z";201.5;307
"2023-04-10T08:00:00.000Z";"2023-04-10T09:00:00.000Z";121.5;386.19999
"2023-04-10T09:00:00.000Z";"2023-04-10T10:00:00.000Z";78;419.8
"2023-04-10T10:00:00.000Z";"2023-04-10T11:00:00.000Z";98.7;415.3
"2023-04-10T11:00:00.000Z";"2023-04-10T12:00:00.000Z";106.7;381.89999
"2023-04-10T12:00:00.000Z";"2023-04-10T13:00:00.000Z";171.9;336.69999
"2023-04-10T13:00:00.000Z";"2023-04-10T14:00:00.000Z";228.8;260.89999
"2023-04-10T14:00:00.000Z";"2023-04-10T15:00:00.000Z";232.59999;184.9
"2023-04-10T15:00:00.000Z";"2023-04-10T16:00:00.000Z";276.1;109.9
"2023-04-10T16:00:00.000Z";"2023-04-10T17:00:00.000Z";386.1;36.29999
"2023-04-10T17:00:00.000Z";"2023-04-10T18:00:00.000Z";497.6;0
"2023-04-10T18:00:00.000Z";"2023-04-10T19:00:00.000Z";481;0
"2023-04-10T19:00:00.000Z";"2023-04-10T20:00:00.000Z";383.3;0
"2023-04-10T20:00:00.000Z";"2023-04-10T21:00:00.000Z";451.89999;0
"2023-04-10T21:00:00.000Z";"2023-04-10T22:00:00.000Z";564.5;0
"2023-04-10T22:00:00.000Z";"2023-04-10T23:00:00.000Z";572.7;0
"2023-04-10T23:00:00.000Z";"2023-04-11T00:00:00.000Z";522.1;0
"2023-04-11T00:00:00.000Z";"2023-04-11T01:00:00.000Z";448.39999;0
"2023-04-11T01:00:00.000Z";"2023-04-11T02:00:00.000Z";549.2;0
"2023-04-11T02:00:00.000Z";"2023-04-11T03:00:00.000Z";607.39999;0
"2023-04-11T03:00:00.000Z";"2023-04-11T04:00:00.000Z";626.89999;1
"2023-04-11T04:00:00.000Z";"2023-04-11T05:00:00.000Z";583.2;46.1
"2023-04-11T05:00:00.000Z";"2023-04-11T06:00:00.000Z";626;103.4
"2023-04-11T06:00:00.000Z";"2023-04-11T07:00:00.000Z";698.5;160.19999
"2023-04-11T07:00:00.000Z";"2023-04-11T08:00:00.000Z";409.3;225.4
"2023-04-11T08:00:00.000Z";"2023-04-11T09:00:00.000Z";203.9;325.19999
"2023-04-11T09:00:00.000Z";"2023-04-11T10:00:00.000Z";126.2;338.19999
"2023-04-11T10:00:00.000Z";"2023-04-11T11:00:00.000Z";129.69999;348.1
"2023-04-11T11:00:00.000Z";"2023-04-11T12:00:00.000Z";156;284
"2023-04-11T12:00:00.000Z";"2023-04-11T13:00:00.000Z";203.8;255.4
"2023-04-11T13:00:00.000Z";"2023-04-11T14:00:00.000Z";283.39999;210.4
"2023-04-11T14:00:00.000Z";"2023-04-11T15:00:00.000Z";371.6;152.59999
"2023-04-11T15:00:00.000Z";"2023-04-11T16:00:00.000Z";559;91.4
"2023-04-11T16:00:00.000Z";"2023-04-11T17:00:00.000Z";887;34.6
"2023-04-11T17:00:00.000Z";"2023-04-11T18:00:00.000Z";1171.4;0
"2023-04-11T18:00:00.000Z";"2023-04-11T19:00:00.000Z";1279;0
"2023-04-11T19:00:00.000Z";"2023-04-11T20:00:00.000Z";1217.09999;0
"2023-04-11T20:00:00.000Z";"2023-04-11T21:00:00.000Z";1157.3;0
"2023-04-11T21:00:00.000Z";"2023-04-11T22:00:00.000Z";1172;0
"2023-04-11T22:00:00.000Z";"2023-04-11T23:00:00.000Z";1139.4;0
"2023-04-11T23:00:00.000Z";"2023-04-12T00:00:00.000Z";1155.7;0
"2023-04-12T00:00:00.000Z";"2023-04-12T01:00:00.000Z";1081.4;0
"2023-04-12T01:00:00.000Z";"2023-04-12T02:00:00.000Z";931;0
"2023-04-12T02:00:00.000Z";"2023-04-12T03:00:00.000Z";870.79999;0
"2023-04-12T03:00:00.000Z";"2023-04-12T04:00:00.000Z";813.2;1.6
"2023-04-12T04:00:00.000Z";"2023-04-12T05:00:00.000Z";749.7;49.29999
"2023-04-12T05:00:00.000Z";"2023-04-12T06:00:00.000Z";908.7;113.7
"2023-04-12T06:00:00.000Z";"2023-04-12T07:00:00.000Z";773.79999;177.69999
"2023-04-12T07:00:00.000Z";"2023-04-12T08:00:00.000Z";420.5;266.6
"2023-04-12T08:00:00.000Z";"2023-04-12T09:00:00.000Z";212.4;362.5
"2023-04-12T09:00:00.000Z";"2023-04-12T10:00:00.000Z";232.4;394.1
"2023-04-12T10:00:00.000Z";"2023-04-12T11:00:00.000Z";280.6;404.8
"2023-04-12T11:00:00.000Z";"2023-04-12T12:00:00.000Z";363.39999;368.89999
"2023-04-12T12:00:00.000Z";"2023-04-12T13:00:00.000Z";462.1;326.1
"2023-04-12T13:00:00.000Z";"2023-04-12T14:00:00.000Z";611.6;255.59999
"2023-04-12T14:00:00.000Z";"2023-04-12T15:00:00.000Z";862.39999;174.69999
"2023-04-12T15:00:00.000Z";"2023-04-12T16:00:00.000Z";1433.4;106.4
"2023-04-12T16:00:00.000Z";"2023-04-12T17:00:00.000Z";2141.59999;43.7
"2023-04-12T17:00:00.000Z";"2023-04-12T18:00:00.000Z";2730.4;0
"2023-04-12T18:00:00.000Z";"2023-04-12T19:00:00.000Z";3216.5;0
"2023-04-12T19:00:00.000Z";"2023-04-12T20:00:00.000Z";3605.3;0
"2023-04-12T20:00:00.000Z";"2023-04-12T21:00:00.000Z";3856.8;0
"2023-04-12T21:00:00.000Z";"2023-04-12T22:00:00.000Z";3962.3;0
"2023-04-12T22:00:00.000Z";"2023-04-12T23:00:00.000Z";3459.19999;0
"2023-04-12T23:00:00.000Z";"2023-04-13T00:00:00.000Z";3509;0
"2023-04-13T00:00:00.000Z";"2023-04-13T01:00:00.000Z";3774;0
"2023-04-13T01:00:00.000Z";"2023-04-13T02:00:00.000Z";3805.5;0
"2023-04-13T02:00:00.000Z";"2023-04-13T03:00:00.000Z";4073.8;0
"2023-04-13T03:00:00.000Z";"2023-04-13T04:00:00.000Z";4139.69999;3.6
"2023-04-13T04:00:00.000Z";"2023-04-13T05:00:00.000Z";4038.59999;55.29999
"2023-04-13T05:00:00.000Z";"2023-04-13T06:00:00.000Z";3744.5;111.2
"2023-04-13T06:00:00.000Z";"2023-04-13T07:00:00.000Z";3467.09999;164.5
"2023-04-13T07:00:00.000Z";"2023-04-13T08:00:00.000Z";3267;210.69999
"2023-04-13T08:00:00.000Z";"2023-04-13T09:00:00.000Z";2974.8;309.39999
"2023-04-13T09:00:00.000Z";"2023-04-13T10:00:00.000Z";2827.4;319.39999
"2023-04-13T10:00:00.000Z";"2023-04-13T11:00:00.000Z";2941.09999;322.69999
"2023-04-13T11:00:00.000Z";"2023-04-13T12:00:00.000Z";2915.9;240.3
"2023-04-13T12:00:00.000Z";"2023-04-13T13:00:00.000Z";3021.19999;245.69999
"2023-04-13T13:00:00.000Z";"2023-04-13T14:00:00.000Z";3137.4;199.5
"2023-04-13T14:00:00.000Z";"2023-04-13T15:00:00.000Z";3215;146.3
"2023-04-13T15:00:00.000Z";"2023-04-13T16:00:00.000Z";3340.8;94.79999
"2023-04-13T16:00:00.000Z";"2023-04-13T17:00:00.000Z";3563.4;39.79999
"2023-04-13T17:00:00.000Z";"2023-04-13T18:00:00.000Z";3833.19999;0
"2023-04-13T18:00:00.000Z";"2023-04-13T19:00:00.000Z";4052.09999;0
"2023-04-13T19:00:00.000Z";"2023-04-13T20:00:00.000Z";4055.5;0
"2023-04-13T20:00:00.000Z";"2023-04-13T21:00:00.000Z";4058.59999;0
"2023-04-13T21:00:00.000Z";"2023-04-13T22:00:00.000Z";4152.8;0
"2023-04-13T22:00:00.000Z";"2023-04-13T23:00:00.000Z";4178.6;0
"2023-04-13T23:00:00.000Z";"2023-04-14T00:00:00.000Z";4140.39999;0
"2023-04-14T00:00:00.000Z";"2023-04-14T01:00:00.000Z";4053.4;0
"2023-04-14T01:00:00.000Z";"2023-04-14T02:00:00.000Z";3914.8;0
"2023-04-14T02:00:00.000Z";"2023-04-14T03:00:00.000Z";3741.59999;0
"2023-04-14T03:00:00.000Z";"2023-04-14T04:00:00.000Z";3637.19999;6.09999
"2023-04-14T04:00:00.000Z";"2023-04-14T05:00:00.000Z";3579.3;74.4
"2023-04-14T05:00:00.000Z";"2023-04-14T06:00:00.000Z";2968.8;161.3
"2023-04-14T06:00:00.000Z";"2023-04-14T07:00:00.000Z";2324.09999;238
"2023-04-14T07:00:00.000Z";"2023-04-14T08:00:00.000Z";1822.4;309.1
"2023-04-14T08:00:00.000Z";"2023-04-14T09:00:00.000Z";1478.7;380.89999
"2023-04-14T09:00:00.000Z";"2023-04-14T10:00:00.000Z";1406.5;436.19999
"2023-04-14T10:00:00.000Z";"2023-04-14T11:00:00.000Z";1537.59999;449.1
"2023-04-14T11:00:00.000Z";"2023-04-14T12:00:00.000Z";1668.59999;413.39999
"2023-04-14T12:00:00.000Z";"2023-04-14T13:00:00.000Z";1748.4;374.19999
"2023-04-14T13:00:00.000Z";"2023-04-14T14:00:00.000Z";1775.7;310.89999
"2023-04-14T14:00:00.000Z";"2023-04-14T15:00:00.000Z";1891;228
"2023-04-14T15:00:00.000Z";"2023-04-14T16:00:00.000Z";2127.4;143.9
"2023-04-14T16:00:00.000Z";"2023-04-14T17:00:00.000Z";2523.8;60.29999
"2023-04-14T17:00:00.000Z";"2023-04-14T18:00:00.000Z";3039.69999;0.3
"2023-04-14T18:00:00.000Z";"2023-04-14T19:00:00.000Z";3468.69999;0
"2023-04-14T19:00:00.000Z";"2023-04-14T20:00:00.000Z";3175.4;0
"2023-04-14T20:00:00.000Z";"2023-04-14T21:00:00.000Z";3135;0
"2023-04-14T21:00:00.000Z";"2023-04-14T22:00:00.000Z";3289.9;0
"2023-04-14T22:00:00.000Z";"2023-04-14T23:00:00.000Z";3267.9;0
"2023-04-14T23:00:00.000Z";"2023-04-15T00:00:00.000Z";2994.19999;0
"2023-04-15T00:00:00.000Z";"2023-04-15T01:00:00.000Z";3195.8;0
"2023-04-15T01:00:00.000Z";"2023-04-15T02:00:00.000Z";2911.8;0
"2023-04-15T02:00:00.000Z";"2023-04-15T03:00:00.000Z";2603;0
"2023-04-15T03:00:00.000Z";"2023-04-15T04:00:00.000Z";2355.59999;8.3
"2023-04-15T04:00:00.000Z";"2023-04-15T05:00:00.000Z";2398.59999;80.29999
"2023-04-15T05:00:00.000Z";"2023-04-15T06:00:00.000Z";1495.8;164.4
"2023-04-15T06:00:00.000Z";"2023-04-15T07:00:00.000Z";873;242
"2023-04-15T07:00:00.000Z";"2023-04-15T08:00:00.000Z";533.79999;319.6
"2023-04-15T08:00:00.000Z";"2023-04-15T09:00:00.000Z";374.3;393.6
"2023-04-15T09:00:00.000Z";"2023-04-15T10:00:00.000Z";347.8;416.8
"2023-04-15T10:00:00.000Z";"2023-04-15T11:00:00.000Z";342.69999;422.8
"2023-04-15T11:00:00.000Z";"2023-04-15T12:00:00.000Z";469.8;411.39999
"2023-04-15T12:00:00.000Z";"2023-04-15T13:00:00.000Z";547.6;373.8
"2023-04-15T13:00:00.000Z";"2023-04-15T14:00:00.000Z";507.39999;311.5
"2023-04-15T14:00:00.000Z";"2023-04-15T15:00:00.000Z";435.8;228.69999
"2023-04-15T15:00:00.000Z";"2023-04-15T16:00:00.000Z";506.3;145.3
"2023-04-15T16:00:00.000Z";"2023-04-15T17:00:00.000Z";775.5;64
"2023-04-15T17:00:00.000Z";"2023-04-15T18:00:00.000Z";1229.4;0.3
"2023-04-15T18:00:00.000Z";"2023-04-15T19:00:00.000Z";1625.8;0
"2023-04-15T19:00:00.000Z";"2023-04-15T20:00:00.000Z";1752.8;0
"2023-04-15T20:00:00.000Z";"2023-04-15T21:00:00.000Z";1650.2;0
"2023-04-15T21:00:00.000Z";"2023-04-15T22:00:00.000Z";1455.5;0
"2023-04-15T22:00:00.000Z";"2023-04-15T23:00:00.000Z";1289.7;0
"2023-04-15T23:00:00.000Z";"2023-04-16T00:00:00.000Z";1017.3;0
"2023-04-16T00:00:00.000Z";"2023-04-16T01:00:00.000Z";991.7;0
"2023-04-16T01:00:00.000Z";"2023-04-16T02:00:00.000Z";959;0
"2023-04-16T02:00:00.000Z";"2023-04-16T03:00:00.000Z";873.29999;0
"2023-04-16T03:00:00.000Z";"2023-04-16T04:00:00.000Z";780;9.09999
"2023-04-16T04:00:00.000Z";"2023-04-16T05:00:00.000Z";752.2;92.5
"2023-04-16T05:00:00.000Z";"2023-04-16T06:00:00.000Z";806.5;185.59999
"2023-04-16T06:00:00.000Z";"2023-04-16T07:00:00.000Z";263.69999;270.1
"2023-04-16T07:00:00.000Z";"2023-04-16T08:00:00.000Z";71.29999;353.3
"2023-04-16T08:00:00.000Z";"2023-04-16T09:00:00.000Z";39;418.19999
"2023-04-16T09:00:00.000Z";"2023-04-16T10:00:00.000Z";37.1;458.3
"2023-04-16T10:00:00.000Z";"2023-04-16T11:00:00.000Z";58.2;466.1
"2023-04-16T11:00:00.000Z";"2023-04-16T12:00:00.000Z";87.4;436.5
"2023-04-16T12:00:00.000Z";"2023-04-16T13:00:00.000Z";135;389.3
"2023-04-16T13:00:00.000Z";"2023-04-16T14:00:00.000Z";190.5;322
"2023-04-16T14:00:00.000Z";"2023-04-16T15:00:00.000Z";235.4;237.09999
"2023-04-16T15:00:00.000Z";"2023-04-16T16:00:00.000Z";289.6;151.69999
"2023-04-16T16:00:00.000Z";"2023-04-16T17:00:00.000Z";386.39999;67.59999
"2023-04-16T17:00:00.000Z";"2023-04-16T18:00:00.000Z";478.39999;1.1
"2023-04-16T18:00:00.000Z";"2023-04-16T19:00:00.000Z";456.6;0
"2023-04-16T19:00:00.000Z";"2023-04-16T20:00:00.000Z";390.19999;0
"2023-04-16T20:00:00.000Z";"2023-04-16T21:00:00.000Z";347.8;0
"2023-04-16T21:00:00.000Z";"2023-04-16T22:00:00.000Z";320.89999;0
"2023-04-16T22:00:00.000Z";"2023-04-16T23:00:00.000Z";266.8;0
"2023-04-16T23:00:00.000Z";"2023-04-17T00:00:00.000Z";273.69999;0
"2023-04-17T00:00:00.000Z";"2023-04-17T01:00:00.000Z";252.5;0
"2023-04-17T01:00:00.000Z";"2023-04-17T02:00:00.000Z";249.8;0
"2023-04-17T02:00:00.000Z";"2023-04-17T03:00:00.000Z";238.9;0
"2023-04-17T03:00:00.000Z";"2023-04-17T04:00:00.000Z";256.69999;14.1
"2023-04-17T04:00:00.000Z";"2023-04-17T05:00:00.000Z";287.8;92.9
"2023-04-17T05:00:00.000Z";"2023-04-17T06:00:00.000Z";295.1;181.69999
"2023-04-17T06:00:00.000Z";"2023-04-17T07:00:00.000Z";134.59999;270.5
"2023-04-17T07:00:00.000Z";"2023-04-17T08:00:00.000Z";65.2;351.1
"2023-04-17T08:00:00.000Z";"2023-04-17T09:00:00.000Z";68.09999;419.3
"2023-04-17T09:00:00.000Z";"2023-04-17T10:00:00.000Z";121.3;458
"2023-04-17T10:00:00.000Z";"2023-04-17T11:00:00.000Z";180.19999;459
"2023-04-17T11:00:00.000Z";"2023-04-17T12:00:00.000Z";253.9;422.8
"2023-04-17T12:00:00.000Z";"2023-04-17T13:00:00.000Z";348.1;373.19999
"2023-04-17T13:00:00.000Z";"2023-04-17T14:00:00.000Z";462.5;298.89999
"2023-04-17T14:00:00.000Z";"2023-04-17T15:00:00.000Z";637.6;222
"2023-04-17T15:00:00.000Z";"2023-04-17T16:00:00.000Z";797.29999;141.9
"2023-04-17T16:00:00.000Z";"2023-04-17T17:00:00.000Z";958.6;64.2
"2023-04-17T17:00:00.000Z";"2023-04-17T18:00:00.000Z";1081.8;1.2
"2023-04-17T18:00:00.000Z";"2023-04-17T19:00:00.000Z";1238;0
"2023-04-17T19:00:00.000Z";"2023-04-17T20:00:00.000Z";1295.7;0
"2023-04-17T20:00:00.000Z";"2023-04-17T21:00:00.000Z";1290.09999;0
"2023-04-17T21:00:00.000Z";"2023-04-17T22:00:00.000Z";1452.4;0
"2023-04-17T22:00:00.000Z";"2023-04-17T23:00:00.000Z";1700.2;0
"2023-04-17T23:00:00.000Z";"2023-04-18T00:00:00.000Z";1961.09999;0
"2023-04-18T00:00:00.000Z";"2023-04-18T01:00:00.000Z";1825.5;0
"2023-04-18T01:00:00.000Z";"2023-04-18T02:00:00.000Z";1775.8;0
"2023-04-18T02:00:00.000Z";"2023-04-18T03:00:00.000Z";1847.8;0
"2023-04-18T03:00:00.000Z";"2023-04-18T04:00:00.000Z";1846.09999;11.19999
"2023-04-18T04:00:00.000Z";"2023-04-18T05:00:00.000Z";1885.5;75.5
"2023-04-18T05:00:00.000Z";"2023-04-18T06:00:00.000Z";1501.3;147.9
"2023-04-18T06:00:00.000Z";"2023-04-18T07:00:00.000Z";939;226.4
"2023-04-18T07:00:00.000Z";"2023-04-18T08:00:00.000Z";662.1;308.8
"2023-04-18T08:00:00.000Z";"2023-04-18T09:00:00.000Z";673.5;390
"2023-04-18T09:00:00.000Z";"2023-04-18T10:00:00.000Z";810.2;423.19999
"2023-04-18T10:00:00.000Z";"2023-04-18T11:00:00.000Z";801.5;425.3
"2023-04-18T11:00:00.000Z";"2023-04-18T12:00:00.000Z";1110.5;423.3
"2023-04-18T12:00:00.000Z";"2023-04-18T13:00:00.000Z";1298.9;382.1
"2023-04-18T13:00:00.000Z";"2023-04-18T14:00:00.000Z";1390.59999;322.3
"2023-04-18T14:00:00.000Z";"2023-04-18T15:00:00.000Z";1318.3;241.09999
"2023-04-18T15:00:00.000Z";"2023-04-18T16:00:00.000Z";1225.9;156.4
"2023-04-18T16:00:00.000Z";"2023-04-18T17:00:00.000Z";1293.2;73.59999
"2023-04-18T17:00:00.000Z";"2023-04-18T18:00:00.000Z";1428.09999;3.5
"2023-04-18T18:00:00.000Z";"2023-04-18T19:00:00.000Z";1492.2;0
"2023-04-18T19:00:00.000Z";"2023-04-18T20:00:00.000Z";1349.2;0
"2023-04-18T20:00:00.000Z";"2023-04-18T21:00:00.000Z";1112.4;0
"2023-04-18T21:00:00.000Z";"2023-04-18T22:00:00.000Z";959.6;0
"2023-04-18T22:00:00.000Z";"2023-04-18T23:00:00.000Z";952;0
"2023-04-18T23:00:00.000Z";"2023-04-19T00:00:00.000Z";945.2;0
"2023-04-19T00:00:00.000Z";"2023-04-19T01:00:00.000Z";874.5;0
"2023-04-19T01:00:00.000Z";"2023-04-19T02:00:00.000Z";821.2;0
"2023-04-19T02:00:00.000Z";"2023-04-19T03:00:00.000Z";810.2;0
"2023-04-19T03:00:00.000Z";"2023-04-19T04:00:00.000Z";776.39999;19.1
"2023-04-19T04:00:00.000Z";"2023-04-19T05:00:00.000Z";805.29999;101.8
"2023-04-19T05:00:00.000Z";"2023-04-19T06:00:00.000Z";894.89999;189
"2023-04-19T06:00:00.000Z";"2023-04-19T07:00:00.000Z";694.79999;273.5
"2023-04-19T07:00:00.000Z";"2023-04-19T08:00:00.000Z";683.7;348.8
"2023-04-19T08:00:00.000Z";"2023-04-19T09:00:00.000Z";749.79999;410.8
"2023-04-19T09:00:00.000Z";"2023-04-19T10:00:00.000Z";802.29999;439.39999
"2023-04-19T10:00:00.000Z";"2023-04-19T11:00:00.000Z";795;445.5
"2023-04-19T11:00:00.000Z";"2023-04-19T12:00:00.000Z";862.5;396.89999
"2023-04-19T12:00:00.000Z";"2023-04-19T13:00:00.000Z";1011.8;349.89999
"2023-04-19T13:00:00.000Z";"2023-04-19T14:00:00.000Z";1081.59999;276
"2023-04-19T14:00:00.000Z";"2023-04-19T15:00:00.000Z";1089.8;206.9
"2023-04-19T15:00:00.000Z";"2023-04-19T16:00:00.000Z";1133.9;135.9
"2023-04-19T16:00:00.000Z";"2023-04-19T17:00:00.000Z";1198.3;67.5
"2023-04-19T17:00:00.000Z";"2023-04-19T18:00:00.000Z";1280.5;3.7
"2023-04-19T18:00:00.000Z";"2023-04-19T19:00:00.000Z";1283.4;0
"2023-04-19T19:00:00.000Z";"2023-04-19T20:00:00.000Z";1260.9;0
"2023-04-19T20:00:00.000Z";"2023-04-19T21:00:00.000Z";1305.09999;0
"2023-04-19T21:00:00.000Z";"2023-04-19T22:00:00.000Z";1454.3;0
"2023-04-19T22:00:00.000Z";"2023-04-19T23:00:00.000Z";1582.9;0
"2023-04-19T23:00:00.000Z";"2023-04-20T00:00:00.000Z";1693.5;0
"2023-04-20T00:00:00.000Z";"2023-04-20T01:00:00.000Z";1713.5;0
"2023-04-20T01:00:00.000Z";"2023-04-20T02:00:00.000Z";1640.09999;0
"2023-04-20T02:00:00.000Z";"2023-04-20T03:00:00.000Z";1535.2;0
"2023-04-20T03:00:00.000Z";"2023-04-20T04:00:00.000Z";1499.7;16.69999
"2023-04-20T04:00:00.000Z";"2023-04-20T05:00:00.000Z";1617.7;86.79999
"2023-04-20T05:00:00.000Z";"2023-04-20T06:00:00.000Z";1428.3;166.09999
"2023-04-20T06:00:00.000Z";"2023-04-20T07:00:00.000Z";992.5;249.3
"2023-04-20T07:00:00.000Z";"2023-04-20T08:00:00.000Z";684.5;319.89999
"2023-04-20T08:00:00.000Z";"2023-04-20T09:00:00.000Z";578.89999;365.1
"2023-04-20T09:00:00.000Z";"2023-04-20T10:00:00.000Z";505.89999;388.19999
"2023-04-20T10:00:00.000Z";"2023-04-20T11:00:00.000Z";605.6;397
"2023-04-20T11:00:00.000Z";"2023-04-20T12:00:00.000Z";652;376.39999
"2023-04-20T12:00:00.000Z";"2023-04-20T13:00:00.000Z";653.1;343.5
"2023-04-20T13:00:00.000Z";"2023-04-20T14:00:00.000Z";712.5;285.3
"2023-04-20T14:00:00.000Z";"2023-04-20T15:00:00.000Z";760.29999;221.9
"2023-04-20T15:00:00.000Z";"2023-04-20T16:00:00.000Z";866.79999;142.3
"2023-04-20T16:00:00.000Z";"2023-04-20T17:00:00.000Z";1111.59999;72.2
"2023-04-20T17:00:00.000Z";"2023-04-20T18:00:00.000Z";1341.3;4.4
"2023-04-20T18:00:00.000Z";"2023-04-20T19:00:00.000Z";1479.4;0
"2023-04-20T19:00:00.000Z";"2023-04-20T20:00:00.000Z";1575.8;0
"2023-04-20T20:00:00.000Z";"2023-04-20T21:00:00.000Z";1671.3;0
"2023-04-20T21:00:00.000Z";"2023-04-20T22:00:00.000Z";1904.5;0
"2023-04-20T22:00:00.000Z";"2023-04-20T23:00:00.000Z";1914.9;0
"2023-04-20T23:00:00.000Z";"2023-04-21T00:00:00.000Z";1615.9;0
"2023-04-21T00:00:00.000Z";"2023-04-21T01:00:00.000Z";1557.5;0
"2023-04-21T01:00:00.000Z";"2023-04-21T02:00:00.000Z";1396.8;0
"2023-04-21T02:00:00.000Z";"2023-04-21T03:00:00.000Z";1259.4;0
"2023-04-21T03:00:00.000Z";"2023-04-21T04:00:00.000Z";1042.9;23.69999
"2023-04-21T04:00:00.000Z";"2023-04-21T05:00:00.000Z";902.2;96
"2023-04-21T05:00:00.000Z";"2023-04-21T06:00:00.000Z";536.89999;179.59999
"2023-04-21T06:00:00.000Z";"2023-04-21T07:00:00.000Z";408.39999;265.6
"2023-04-21T07:00:00.000Z";"2023-04-21T08:00:00.000Z";367.89999;334.3
"2023-04-21T08:00:00.000Z";"2023-04-21T09:00:00.000Z";304;424.8
"2023-04-21T09:00:00.000Z";"2023-04-21T10:00:00.000Z";282.6;458.8
"2023-04-21T10:00:00.000Z";"2023-04-21T11:00:00.000Z";336.89999;467.8
"2023-04-21T11:00:00.000Z";"2023-04-21T12:00:00.000Z";412.8;420.1
"2023-04-21T12:00:00.000Z";"2023-04-21T13:00:00.000Z";533.6;369.39999
"2023-04-21T13:00:00.000Z";"2023-04-21T14:00:00.000Z";591.1;316.3
"2023-04-21T14:00:00.000Z";"2023-04-21T15:00:00.000Z";605.1;237.59999
"2023-04-21T15:00:00.000Z";"2023-04-21T16:00:00.000Z";651.39999;158.9
"2023-04-21T16:00:00.000Z";"2023-04-21T17:00:00.000Z";775;80.4
"2023-04-21T17:00:00.000Z";"2023-04-21T18:00:00.000Z";1046.7;5.09999
"2023-04-21T18:00:00.000Z";"2023-04-21T19:00:00.000Z";1461.8;0
"2023-04-21T19:00:00.000Z";"2023-04-21T20:00:00.000Z";1796.59999;0
"2023-04-21T20:00:00.000Z";"2023-04-21T21:00:00.000Z";2131.69999;0
"2023-04-21T21:00:00.000Z";"2023-04-21T22:00:00.000Z";2425.4;0
"2023-04-21T22:00:00.000Z";"2023-04-21T23:00:00.000Z";2658.9;0
"2023-04-21T23:00:00.000Z";"2023-04-22T00:00:00.000Z";2417.8;0
"2023-04-22T00:00:00.000Z";"2023-04-22T01:00:00.000Z";2150.8;0
"2023-04-22T01:00:00.000Z";"2023-04-22T02:00:00.000Z";2102.5;0
"2023-04-22T02:00:00.000Z";"2023-04-22T03:00:00.000Z";2064.8;0
"2023-04-22T03:00:00.000Z";"2023-04-22T04:00:00.000Z";1884.2;28.5
"2023-04-22T04:00:00.000Z";"2023-04-22T05:00:00.000Z";1557.5;105.2
"2023-04-22T05:00:00.000Z";"2023-04-22T06:00:00.000Z";1216.59999;191.9
"2023-04-22T06:00:00.000Z";"2023-04-22T07:00:00.000Z";954.7;281
"2023-04-22T07:00:00.000Z";"2023-04-22T08:00:00.000Z";1089.4;350.3
"2023-04-22T08:00:00.000Z";"2023-04-22T09:00:00.000Z";1070.09999;419.89999
"2023-04-22T09:00:00.000Z";"2023-04-22T10:00:00.000Z";1114.59999;459.3
"2023-04-22T10:00:00.000Z";"2023-04-22T11:00:00.000Z";1027.3;469.1
"2023-04-22T11:00:00.000Z";"2023-04-22T12:00:00.000Z";1069.9;431.69999
"2023-04-22T12:00:00.000Z";"2023-04-22T13:00:00.000Z";1095.5;380.5
"2023-04-22T13:00:00.000Z";"2023-04-22T14:00:00.000Z";1164;320.1
"2023-04-22T14:00:00.000Z";"2023-04-22T15:00:00.000Z";1197.8;248.4
"2023-04-22T15:00:00.000Z";"2023-04-22T16:00:00.000Z";1155.59999;163.9
"2023-04-22T16:00:00.000Z";"2023-04-22T17:00:00.000Z";1127.9;86.7
"2023-04-22T17:00:00.000Z";"2023-04-22T18:00:00.000Z";1161.59999;7.9
"2023-04-22T18:00:00.000Z";"2023-04-22T19:00:00.000Z";1334.3;0
"2023-04-22T19:00:00.000Z";"2023-04-22T20:00:00.000Z";1419.3;0
"2023-04-22T20:00:00.000Z";"2023-04-22T21:00:00.000Z";1473;0
"2023-04-22T21:00:00.000Z";"2023-04-22T22:00:00.000Z";1539.09999;0
"2023-04-22T22:00:00.000Z";"2023-04-22T23:00:00.000Z";1579.59999;0
"2023-04-22T23:00:00.000Z";"2023-04-23T00:00:00.000Z";1401.3;0
"2023-04-23T00:00:00.000Z";"2023-04-23T01:00:00.000Z";1318.7;0
"2023-04-23T01:00:00.000Z";"2023-04-23T02:00:00.000Z";1202.9;0
"2023-04-23T02:00:00.000Z";"2023-04-23T03:00:00.000Z";1051.5;0
"2023-04-23T03:00:00.000Z";"2023-04-23T04:00:00.000Z";950;22.69999
"2023-04-23T04:00:00.000Z";"2023-04-23T05:00:00.000Z";762.5;88.79999
"2023-04-23T05:00:00.000Z";"2023-04-23T06:00:00.000Z";663.79999;153.5
"2023-04-23T06:00:00.000Z";"2023-04-23T07:00:00.000Z";633.7;230.59999
"2023-04-23T07:00:00.000Z";"2023-04-23T08:00:00.000Z";625;281.19999
"2023-04-23T08:00:00.000Z";"2023-04-23T09:00:00.000Z";658.89999;349.5
"2023-04-23T09:00:00.000Z";"2023-04-23T10:00:00.000Z";711.6;353
"2023-04-23T10:00:00.000Z";"2023-04-23T11:00:00.000Z";727.89999;351.3
"2023-04-23T11:00:00.000Z";"2023-04-23T12:00:00.000Z";743.1;291.3
"2023-04-23T12:00:00.000Z";"2023-04-23T13:00:00.000Z";780.1;275.3
"2023-04-23T13:00:00.000Z";"2023-04-23T14:00:00.000Z";853.5;220.8
"2023-04-23T14:00:00.000Z";"2023-04-23T15:00:00.000Z";935.1;161
"2023-04-23T15:00:00.000Z";"2023-04-23T16:00:00.000Z";1054.5;103.7
"2023-04-23T16:00:00.000Z";"2023-04-23T17:00:00.000Z";1194.09999;52
"2023-04-23T17:00:00.000Z";"2023-04-23T18:00:00.000Z";1348.2;1
"2023-04-23T18:00:00.000Z";"2023-04-23T19:00:00.000Z";1369.7;0
"2023-04-23T19:00:00.000Z";"2023-04-23T20:00:00.000Z";1438.2;0
"2023-04-23T20:00:00.000Z";"2023-04-23T21:00:00.000Z";1580.7;0
"2023-04-23T21:00:00.000Z";"2023-04-23T22:00:00.000Z";1756.7;0
"2023-04-23T22:00:00.000Z";"2023-04-23T23:00:00.000Z";2089.8;0
"2023-04-23T23:00:00.000Z";"2023-04-24T00:00:00.000Z";2073.5;0
"2023-04-24T00:00:00.000Z";"2023-04-24T01:00:00.000Z";2268.4;0
"2023-04-24T01:00:00.000Z";"2023-04-24T02:00:00.000Z";2340.09999;0
"2023-04-24T02:00:00.000Z";"2023-04-24T03:00:00.000Z";2382;0
"2023-04-24T03:00:00.000Z";"2023-04-24T04:00:00.000Z";2290.5;8.8
"2023-04-24T04:00:00.000Z";"2023-04-24T05:00:00.000Z";2233.9;40.7
"2023-04-24T05:00:00.000Z";"2023-04-24T06:00:00.000Z";2025.2;78.29999
"2023-04-24T06:00:00.000Z";"2023-04-24T07:00:00.000Z";1764.9;118.3
"2023-04-24T07:00:00.000Z";"2023-04-24T08:00:00.000Z";1665.4;220.09999
"2023-04-24T08:00:00.000Z";"2023-04-24T09:00:00.000Z";1555.5;302.1
"2023-04-24T09:00:00.000Z";"2023-04-24T10:00:00.000Z";1376.09999;349.69999
"2023-04-24T10:00:00.000Z";"2023-04-24T11:00:00.000Z";1247.3;365.89999
"2023-04-24T11:00:00.000Z";"2023-04-24T12:00:00.000Z";928.5;346.6
"2023-04-24T12:00:00.000Z";"2023-04-24T13:00:00.000Z";772.89999;336.5
"2023-04-24T13:00:00.000Z";"2023-04-24T14:00:00.000Z";657.89999;280.8
"2023-04-24T14:00:00.000Z";"2023-04-24T15:00:00.000Z";505.69999;199.59999
"2023-04-24T15:00:00.000Z";"2023-04-24T16:00:00.000Z";390.5;128.4
"2023-04-24T16:00:00.000Z";"2023-04-24T17:00:00.000Z";347.39999;66.79999
"2023-04-24T17:00:00.000Z";"2023-04-24T18:00:00.000Z";428.69999;6
"2023-04-24T18:00:00.000Z";"2023-04-24T19:00:00.000Z";597.1;0
"2023-04-24T19:00:00.000Z";"2023-04-24T20:00:00.000Z";786.5;0
"2023-04-24T20:00:00.000Z";"2023-04-24T21:00:00.000Z";959.39999;0
"2023-04-24T21:00:00.000Z";"2023-04-24T22:00:00.000Z";1061.09999;0
"2023-04-24T22:00:00.000Z";"2023-04-24T23:00:00.000Z";1142.5;0
"2023-04-24T23:00:00.000Z";"2023-04-25T00:00:00.000Z";1110;0
"2023-04-25T00:00:00.000Z";"2023-04-25T01:00:00.000Z";1154;0
"2023-04-25T01:00:00.000Z";"2023-04-25T02:00:00.000Z";1258.9;0
"2023-04-25T02:00:00.000Z";"2023-04-25T03:00:00.000Z";1457.09999;0
"2023-04-25T03:00:00.000Z";"2023-04-25T04:00:00.000Z";1640.8;19.89999
"2023-04-25T04:00:00.000Z";"2023-04-25T05:00:00.000Z";1683.8;61.5
"2023-04-25T05:00:00.000Z";"2023-04-25T06:00:00.000Z";1397.5;105.8
"2023-04-25T06:00:00.000Z";"2023-04-25T07:00:00.000Z";1429.4;156.69999
"2023-04-25T07:00:00.000Z";"2023-04-25T08:00:00.000Z";1655.5;225.9
"2023-04-25T08:00:00.000Z";"2023-04-25T09:00:00.000Z";1885.4;351.1
"2023-04-25T09:00:00.000Z";"2023-04-25T10:00:00.000Z";1978.4;352.1
"2023-04-25T10:00:00.000Z";"2023-04-25T11:00:00.000Z";2010.8;375.3
"2023-04-25T11:00:00.000Z";"2023-04-25T12:00:00.000Z";2362.4;330.5
"2023-04-25T12:00:00.000Z";"2023-04-25T13:00:00.000Z";2635.9;305.69999
"2023-04-25T13:00:00.000Z";"2023-04-25T14:00:00.000Z";2754.4;261.39999
"2023-04-25T14:00:00.000Z";"2023-04-25T15:00:00.000Z";2836.5;200.19999
"2023-04-25T15:00:00.000Z";"2023-04-25T16:00:00.000Z";2784.69999;132.69999
"2023-04-25T16:00:00.000Z";"2023-04-25T17:00:00.000Z";3039.9;76.2
"2023-04-25T17:00:00.000Z";"2023-04-25T18:00:00.000Z";3159.69999;4.79999
"2023-04-25T18:00:00.000Z";"2023-04-25T19:00:00.000Z";3249.59999;0
"2023-04-25T19:00:00.000Z";"2023-04-25T20:00:00.000Z";3099.3;0
"2023-04-25T20:00:00.000Z";"2023-04-25T21:00:00.000Z";2755.5;0
"2023-04-25T21:00:00.000Z";"2023-04-25T22:00:00.000Z";2338.5;0
"2023-04-25T22:00:00.000Z";"2023-04-25T23:00:00.000Z";2063.19999;0
"2023-04-25T23:00:00.000Z";"2023-04-26T00:00:00.000Z";2188;0
"2023-04-26T00:00:00.000Z";"2023-04-26T01:00:00.000Z";2065.5;0
"2023-04-26T01:00:00.000Z";"2023-04-26T02:00:00.000Z";1897.9;0
"2023-04-26T02:00:00.000Z";"2023-04-26T03:00:00.000Z";1806.5;0
"2023-04-26T03:00:00.000Z";"2023-04-26T04:00:00.000Z";1640.09999;27.89999
"2023-04-26T04:00:00.000Z";"2023-04-26T05:00:00.000Z";1557.8;87.2
"2023-04-26T05:00:00.000Z";"2023-04-26T06:00:00.000Z";1335.09999;143.8
"2023-04-26T06:00:00.000Z";"2023-04-26T07:00:00.000Z";880.6;209.4
"2023-04-26T07:00:00.000Z";"2023-04-26T08:00:00.000Z";662.7;256.5
"2023-04-26T08:00:00.000Z";"2023-04-26T09:00:00.000Z";684.39999;296.69999
"2023-04-26T09:00:00.000Z";"2023-04-26T10:00:00.000Z";939.6;328.69999
"2023-04-26T10:00:00.000Z";"2023-04-26T11:00:00.000Z";1289.09999;338
"2023-04-26T11:00:00.000Z";"2023-04-26T12:00:00.000Z";1303.9;311.89999
"2023-04-26T12:00:00.000Z";"2023-04-26T13:00:00.000Z";1373.7;255
"2023-04-26T13:00:00.000Z";"2023-04-26T14:00:00.000Z";1486.9;220.19999
"2023-04-26T14:00:00.000Z";"2023-04-26T15:00:00.000Z";1530.5;160.3
"2023-04-26T15:00:00.000Z";"2023-04-26T16:00:00.000Z";1503.5;101.3
"2023-04-26T16:00:00.000Z";"2023-04-26T17:00:00.000Z";1525;46.79999
"2023-04-26T17:00:00.000Z";"2023-04-26T18:00:00.000Z";1572.3;3
"2023-04-26T18:00:00.000Z";"2023-04-26T19:00:00.000Z";1685.9;0
"2023-04-26T19:00:00.000Z";"2023-04-26T20:00:00.000Z";1702.9;0
"2023-04-26T20:00:00.000Z";"2023-04-26T21:00:00.000Z";1661;0
"2023-04-26T21:00:00.000Z";"2023-04-26T22:00:00.000Z";1617.4;0
"2023-04-26T22:00:00.000Z";"2023-04-26T23:00:00.000Z";1784.5;0
"2023-04-26T23:00:00.000Z";"2023-04-27T00:00:00.000Z";1880.2;0
"2023-04-27T00:00:00.000Z";"2023-04-27T01:00:00.000Z";2069.09999;0
"2023-04-27T01:00:00.000Z";"2023-04-27T02:00:00.000Z";2083.5;0
"2023-04-27T02:00:00.000Z";"2023-04-27T03:00:00.000Z";2045.8;0.1
"2023-04-27T03:00:00.000Z";"2023-04-27T04:00:00.000Z";1833.7;21.69999
"2023-04-27T04:00:00.000Z";"2023-04-27T05:00:00.000Z";1511.59999;65.5
"2023-04-27T05:00:00.000Z";"2023-04-27T06:00:00.000Z";1252.59999;109.8
"2023-04-27T06:00:00.000Z";"2023-04-27T07:00:00.000Z";947.1;153.3
"2023-04-27T07:00:00.000Z";"2023-04-27T08:00:00.000Z";762.29999;191.09999
"2023-04-27T08:00:00.000Z";"2023-04-27T09:00:00.000Z";733.5;290.39999
"2023-04-27T09:00:00.000Z";"2023-04-27T10:00:00.000Z";739.89999;300.5
"2023-04-27T10:00:00.000Z";"2023-04-27T11:00:00.000Z";867.7;316.6
"2023-04-27T11:00:00.000Z";"2023-04-27T12:00:00.000Z";834.39999;221.5
"2023-04-27T12:00:00.000Z";"2023-04-27T13:00:00.000Z";915.79999;213.3
"2023-04-27T13:00:00.000Z";"2023-04-27T14:00:00.000Z";967;184
"2023-04-27T14:00:00.000Z";"2023-04-27T15:00:00.000Z";1000.2;154.19999
"2023-04-27T15:00:00.000Z";"2023-04-27T16:00:00.000Z";1035.5;108.8
"2023-04-27T16:00:00.000Z";"2023-04-27T17:00:00.000Z";1060.4;62.6
"2023-04-27T17:00:00.000Z";"2023-04-27T18:00:00.000Z";1024.7;12.9
"2023-04-27T18:00:00.000Z";"2023-04-27T19:00:00.000Z";968.29999;0
"2023-04-27T19:00:00.000Z";"2023-04-27T20:00:00.000Z";1023.3;0
"2023-04-27T20:00:00.000Z";"2023-04-27T21:00:00.000Z";1113.5;0
"2023-04-27T21:00:00.000Z";"2023-04-27T22:00:00.000Z";1197.9;0
"2023-04-27T22:00:00.000Z";"2023-04-27T23:00:00.000Z";1239.7;0
"2023-04-27T23:00:00.000Z";"2023-04-28T00:00:00.000Z";1095.2;0
"2023-04-28T00:00:00.000Z";"2023-04-28T01:00:00.000Z";1102.7;0
"2023-04-28T01:00:00.000Z";"2023-04-28T02:00:00.000Z";1210.59999;0
"2023-04-28T02:00:00.000Z";"2023-04-28T03:00:00.000Z";1178.59999;0.2
"2023-04-28T03:00:00.000Z";"2023-04-28T04:00:00.000Z";1103.9;36.29999
"2023-04-28T04:00:00.000Z";"2023-04-28T05:00:00.000Z";898.7;102.59999
"2023-04-28T05:00:00.000Z";"2023-04-28T06:00:00.000Z";676.39999;175.09999
"2023-04-28T06:00:00.000Z";"2023-04-28T07:00:00.000Z";541.29999;255.59999
"2023-04-28T07:00:00.000Z";"2023-04-28T08:00:00.000Z";487.89999;312.69999
"2023-04-28T08:00:00.000Z";"2023-04-28T09:00:00.000Z";449;376.19999
"2023-04-28T09:00:00.000Z";"2023-04-28T10:00:00.000Z";440.8;403.19999
"2023-04-28T10:00:00.000Z";"2023-04-28T11:00:00.000Z";327.89999;417.19999
"2023-04-28T11:00:00.000Z";"2023-04-28T12:00:00.000Z";300.1;369.6
"2023-04-28T12:00:00.000Z";"2023-04-28T13:00:00.000Z";310.1;314.1
"2023-04-28T13:00:00.000Z";"2023-04-28T14:00:00.000Z";332.8;268.1
"2023-04-28T14:00:00.000Z";"2023-04-28T15:00:00.000Z";313.89999;220.3
"2023-04-28T15:00:00.000Z";"2023-04-28T16:00:00.000Z";279.69999;147.09999
"2023-04-28T16:00:00.000Z";"2023-04-28T17:00:00.000Z";282.8;82
"2023-04-28T17:00:00.000Z";"2023-04-28T18:00:00.000Z";338.5;17.3
"2023-04-28T18:00:00.000Z";"2023-04-28T19:00:00.000Z";414.39999;0
"2023-04-28T19:00:00.000Z";"2023-04-28T20:00:00.000Z";457.19999;0
"2023-04-28T20:00:00.000Z";"2023-04-28T21:00:00.000Z";421;0
"2023-04-28T21:00:00.000Z";"2023-04-28T22:00:00.000Z";363.6;0
"2023-04-28T22:00:00.000Z";"2023-04-28T23:00:00.000Z";336.19999;0
"2023-04-28T23:00:00.000Z";"2023-04-29T00:00:00.000Z";371.19999;0
"2023-04-29T00:00:00.000Z";"2023-04-29T01:00:00.000Z";405.6;0
"2023-04-29T01:00:00.000Z";"2023-04-29T02:00:00.000Z";440.6;0
"2023-04-29T02:00:00.000Z";"2023-04-29T03:00:00.000Z";549.29999;0.4
"2023-04-29T03:00:00.000Z";"2023-04-29T04:00:00.000Z";583.6;36.1
"2023-04-29T04:00:00.000Z";"2023-04-29T05:00:00.000Z";575.39999;104.8
"2023-04-29T05:00:00.000Z";"2023-04-29T06:00:00.000Z";537.29999;174.3
"2023-04-29T06:00:00.000Z";"2023-04-29T07:00:00.000Z";590.2;257.5
"2023-04-29T07:00:00.000Z";"2023-04-29T08:00:00.000Z";647.7;326.8
"2023-04-29T08:00:00.000Z";"2023-04-29T09:00:00.000Z";815.1;395.69999
"2023-04-29T09:00:00.000Z";"2023-04-29T10:00:00.000Z";956.29999;401.89999
"2023-04-29T10:00:00.000Z";"2023-04-29T11:00:00.000Z";1002.7;384.39999
"2023-04-29T11:00:00.000Z";"2023-04-29T12:00:00.000Z";1088.7;350.8
"2023-04-29T12:00:00.000Z";"2023-04-29T13:00:00.000Z";1190.7;294.1
"2023-04-29T13:00:00.000Z";"2023-04-29T14:00:00.000Z";1284.59999;247.59999
"2023-04-29T14:00:00.000Z";"2023-04-29T15:00:00.000Z";1320.9;165.8
"2023-04-29T15:00:00.000Z";"2023-04-29T16:00:00.000Z";1307.9;103.8
"2023-04-29T16:00:00.000Z";"2023-04-29T17:00:00.000Z";1295.09999;53.5
"2023-04-29T17:00:00.000Z";"2023-04-29T18:00:00.000Z";1415.8;7.9
"2023-04-29T18:00:00.000Z";"2023-04-29T19:00:00.000Z";1860.09999;0
"2023-04-29T19:00:00.000Z";"2023-04-29T20:00:00.000Z";2137.3;0
"2023-04-29T20:00:00.000Z";"2023-04-29T21:00:00.000Z";2242.9;0
"2023-04-29T21:00:00.000Z";"2023-04-29T22:00:00.000Z";2030.59999;0
"2023-04-29T22:00:00.000Z";"2023-04-29T23:00:00.000Z";2047.7;0
"2023-04-29T23:00:00.000Z";"2023-04-30T00:00:00.000Z";1839.7;0
"2023-04-30T00:00:00.000Z";"2023-04-30T01:00:00.000Z";1759.4;0
"2023-04-30T01:00:00.000Z";"2023-04-30T02:00:00.000Z";1820.59999;0
"2023-04-30T02:00:00.000Z";"2023-04-30T03:00:00.000Z";1681.2;0.1
"2023-04-30T03:00:00.000Z";"2023-04-30T04:00:00.000Z";1488;22.69999
"2023-04-30T04:00:00.000Z";"2023-04-30T05:00:00.000Z";1476.2;62.6
"2023-04-30T05:00:00.000Z";"2023-04-30T06:00:00.000Z";1343.5;97.7
"2023-04-30T06:00:00.000Z";"2023-04-30T07:00:00.000Z";1061.09999;128
"2023-04-30T07:00:00.000Z";"2023-04-30T08:00:00.000Z";1135.3;196.8
"2023-04-30T08:00:00.000Z";"2023-04-30T09:00:00.000Z";1214.5;277.89999
"2023-04-30T09:00:00.000Z";"2023-04-30T10:00:00.000Z";1335.59999;293.5
"2023-04-30T10:00:00.000Z";"2023-04-30T11:00:00.000Z";1048.2;299.39999
"2023-04-30T11:00:00.000Z";"2023-04-30T12:00:00.000Z";1020.7;284
"2023-04-30T12:00:00.000Z";"2023-04-30T13:00:00.000Z";1006.3;278.6
"2023-04-30T13:00:00.000Z";"2023-04-30T14:00:00.000Z";952.29999;246.8
"2023-04-30T14:00:00.000Z";"2023-04-30T15:00:00.000Z";885.6;206.8
"2023-04-30T15:00:00.000Z";"2023-04-30T16:00:00.000Z";883.7;143.69999
"2023-04-30T16:00:00.000Z";"2023-04-30T17:00:00.000Z";1226.09999;85
"2023-04-30T17:00:00.000Z";"2023-04-30T18:00:00.000Z";1521.2;22.89999
"2023-04-30T18:00:00.000Z";"2023-04-30T19:00:00.000Z";1736.7;0
"2023-04-30T19:00:00.000Z";"2023-04-30T20:00:00.000Z";1802.4;0
"2023-04-30T20:00:00.000Z";"2023-04-30T21:00:00.000Z";1726.2;0
"2023-04-30T21:00:00.000Z";"2023-04-30T22:00:00.000Z";1793.09999;0